Team 1,Team 2,Wins
Atlanta Hawks,Boston Celtics,2
Atlanta Hawks,Brooklyn Nets,2
Atlanta Hawks,Charlotte Hornets,1
Atlanta Hawks,Chicago Bulls,3
Atlanta Hawks,Cleveland Cavaliers,3
Atlanta Hawks,Dallas Mavericks,2
Atlanta Hawks,Denver Nuggets,2
Atlanta Hawks,Detroit Pistons,1
Atlanta Hawks,Golden State Warriors,0
Atlanta Hawks,Houston Rockets,2
Atlanta Hawks,Indiana Pacers,1
Atlanta Hawks,Los Angeles Clippers,0
Atlanta Hawks,Los Angeles Lakers,0
Atlanta Hawks,Memphis Grizzlies,1
Atlanta Hawks,Miami Heat,2
Atlanta Hawks,Milwaukee Bucks,3
Atlanta Hawks,Minnesota Timberwolves,0
Atlanta Hawks,New Orleans Pelicans,1
Atlanta Hawks,New York Knicks,3
Atlanta Hawks,Oklahoma City Thunder,1
Atlanta Hawks,Orlando Magic,2
Atlanta Hawks,Philadelphia 76ers,4
Atlanta Hawks,Phoenix Suns,1
Atlanta Hawks,Portland Trail Blazers,1
Atlanta Hawks,Sacramento Kings,1
Atlanta Hawks,San Antonio Spurs,1
Atlanta Hawks,Toronto Raptors,2
Atlanta Hawks,Utah Jazz,0
Atlanta Hawks,Washington Wizards,1
Boston Celtics,Atlanta Hawks,1
Boston Celtics,Brooklyn Nets,4
Boston Celtics,Charlotte Hornets,4
Boston Celtics,Chicago Bulls,2
Boston Celtics,Cleveland Cavaliers,1
Boston Celtics,Dallas Mavericks,2
Boston Celtics,Denver Nuggets,0
Boston Celtics,Detroit Pistons,3
Boston Celtics,Golden State Warriors,1
Boston Celtics,Houston Rockets,1
Boston Celtics,Indiana Pacers,3
Boston Celtics,Los Angeles Clippers,1
Boston Celtics,Los Angeles Lakers,2
Boston Celtics,Memphis Grizzlies,2
Boston Celtics,Miami Heat,4
Boston Celtics,Milwaukee Bucks,2
Boston Celtics,Minnesota Timberwolves,2
Boston Celtics,New Orleans Pelicans,1
Boston Celtics,New York Knicks,3
Boston Celtics,Oklahoma City Thunder,0
Boston Celtics,Orlando Magic,3
Boston Celtics,Philadelphia 76ers,3
Boston Celtics,Phoenix Suns,1
Boston Celtics,Portland Trail Blazers,1
Boston Celtics,Sacramento Kings,1
Boston Celtics,San Antonio Spurs,0
Boston Celtics,Toronto Raptors,1
Boston Celtics,Utah Jazz,2
Boston Celtics,Washington Wizards,2
Brooklyn Nets,Atlanta Hawks,2
Brooklyn Nets,Boston Celtics,0
Brooklyn Nets,Charlotte Hornets,1
Brooklyn Nets,Chicago Bulls,1
Brooklyn Nets,Cleveland Cavaliers,0
Brooklyn Nets,Dallas Mavericks,0
Brooklyn Nets,Denver Nuggets,1
Brooklyn Nets,Detroit Pistons,2
Brooklyn Nets,Golden State Warriors,0
Brooklyn Nets,Houston Rockets,0
Brooklyn Nets,Indiana Pacers,1
Brooklyn Nets,Los Angeles Clippers,1
Brooklyn Nets,Los Angeles Lakers,1
Brooklyn Nets,Memphis Grizzlies,1
Brooklyn Nets,Miami Heat,0
Brooklyn Nets,Milwaukee Bucks,0
Brooklyn Nets,Minnesota Timberwolves,1
Brooklyn Nets,New Orleans Pelicans,1
Brooklyn Nets,New York Knicks,2
Brooklyn Nets,Oklahoma City Thunder,0
Brooklyn Nets,Orlando Magic,1
Brooklyn Nets,Philadelphia 76ers,1
Brooklyn Nets,Phoenix Suns,2
Brooklyn Nets,Portland Trail Blazers,0
Brooklyn Nets,Sacramento Kings,1
Brooklyn Nets,San Antonio Spurs,0
Brooklyn Nets,Toronto Raptors,0
Brooklyn Nets,Utah Jazz,0
Brooklyn Nets,Washington Wizards,0
Charlotte Hornets,Atlanta Hawks,3
Charlotte Hornets,Boston Celtics,0
Charlotte Hornets,Brooklyn Nets,3
Charlotte Hornets,Chicago Bulls,1
Charlotte Hornets,Cleveland Cavaliers,0
Charlotte Hornets,Dallas Mavericks,2
Charlotte Hornets,Denver Nuggets,2
Charlotte Hornets,Detroit Pistons,1
Charlotte Hornets,Golden State Warriors,0
Charlotte Hornets,Houston Rockets,0
Charlotte Hornets,Indiana Pacers,2
Charlotte Hornets,Los Angeles Clippers,0
Charlotte Hornets,Los Angeles Lakers,2
Charlotte Hornets,Memphis Grizzlies,1
Charlotte Hornets,Miami Heat,2
Charlotte Hornets,Milwaukee Bucks,1
Charlotte Hornets,Minnesota Timberwolves,1
Charlotte Hornets,New Orleans Pelicans,0
Charlotte Hornets,New York Knicks,1
Charlotte Hornets,Oklahoma City Thunder,2
Charlotte Hornets,Orlando Magic,4
Charlotte Hornets,Philadelphia 76ers,1
Charlotte Hornets,Phoenix Suns,1
Charlotte Hornets,Portland Trail Blazers,1
Charlotte Hornets,Sacramento Kings,1
Charlotte Hornets,San Antonio Spurs,0
Charlotte Hornets,Toronto Raptors,2
Charlotte Hornets,Utah Jazz,1
Charlotte Hornets,Washington Wizards,1
Chicago Bulls,Atlanta Hawks,1
Chicago Bulls,Boston Celtics,2
Chicago Bulls,Brooklyn Nets,3
Chicago Bulls,Charlotte Hornets,2
Chicago Bulls,Cleveland Cavaliers,4
Chicago Bulls,Dallas Mavericks,0
Chicago Bulls,Denver Nuggets,0
Chicago Bulls,Detroit Pistons,2
Chicago Bulls,Golden State Warriors,1
Chicago Bulls,Houston Rockets,0
Chicago Bulls,Indiana Pacers,2
Chicago Bulls,Los Angeles Clippers,0
Chicago Bulls,Los Angeles Lakers,1
Chicago Bulls,Memphis Grizzlies,1
Chicago Bulls,Miami Heat,2
Chicago Bulls,Milwaukee Bucks,1
Chicago Bulls,Minnesota Timberwolves,0
Chicago Bulls,New Orleans Pelicans,2
Chicago Bulls,New York Knicks,0
Chicago Bulls,Oklahoma City Thunder,1
Chicago Bulls,Orlando Magic,3
Chicago Bulls,Philadelphia 76ers,3
Chicago Bulls,Phoenix Suns,1
Chicago Bulls,Portland Trail Blazers,1
Chicago Bulls,Sacramento Kings,2
Chicago Bulls,San Antonio Spurs,1
Chicago Bulls,Toronto Raptors,2
Chicago Bulls,Utah Jazz,2
Chicago Bulls,Washington Wizards,1
Cleveland Cavaliers,Atlanta Hawks,1
Cleveland Cavaliers,Boston Celtics,3
Cleveland Cavaliers,Brooklyn Nets,3
Cleveland Cavaliers,Charlotte Hornets,4
Cleveland Cavaliers,Chicago Bulls,0
Cleveland Cavaliers,Dallas Mavericks,1
Cleveland Cavaliers,Denver Nuggets,1
Cleveland Cavaliers,Detroit Pistons,2
Cleveland Cavaliers,Golden State Warriors,1
Cleveland Cavaliers,Houston Rockets,1
Cleveland Cavaliers,Indiana Pacers,3
Cleveland Cavaliers,Los Angeles Clippers,0
Cleveland Cavaliers,Los Angeles Lakers,2
Cleveland Cavaliers,Memphis Grizzlies,1
Cleveland Cavaliers,Miami Heat,1
Cleveland Cavaliers,Milwaukee Bucks,3
Cleveland Cavaliers,Minnesota Timberwolves,2
Cleveland Cavaliers,New Orleans Pelicans,1
Cleveland Cavaliers,New York Knicks,4
Cleveland Cavaliers,Oklahoma City Thunder,1
Cleveland Cavaliers,Orlando Magic,3
Cleveland Cavaliers,Philadelphia 76ers,3
Cleveland Cavaliers,Phoenix Suns,2
Cleveland Cavaliers,Portland Trail Blazers,1
Cleveland Cavaliers,Sacramento Kings,1
Cleveland Cavaliers,San Antonio Spurs,0
Cleveland Cavaliers,Toronto Raptors,3
Cleveland Cavaliers,Utah Jazz,1
Cleveland Cavaliers,Washington Wizards,2
Dallas Mavericks,Atlanta Hawks,0
Dallas Mavericks,Boston Celtics,0
Dallas Mavericks,Brooklyn Nets,2
Dallas Mavericks,Charlotte Hornets,0
Dallas Mavericks,Chicago Bulls,2
Dallas Mavericks,Cleveland Cavaliers,1
Dallas Mavericks,Denver Nuggets,1
Dallas Mavericks,Detroit Pistons,0
Dallas Mavericks,Golden State Warriors,0
Dallas Mavericks,Houston Rockets,0
Dallas Mavericks,Indiana Pacers,1
Dallas Mavericks,Los Angeles Clippers,2
Dallas Mavericks,Los Angeles Lakers,4
Dallas Mavericks,Memphis Grizzlies,2
Dallas Mavericks,Miami Heat,1
Dallas Mavericks,Milwaukee Bucks,2
Dallas Mavericks,Minnesota Timberwolves,1
Dallas Mavericks,New Orleans Pelicans,2
Dallas Mavericks,New York Knicks,1
Dallas Mavericks,Oklahoma City Thunder,1
Dallas Mavericks,Orlando Magic,1
Dallas Mavericks,Philadelphia 76ers,1
Dallas Mavericks,Phoenix Suns,1
Dallas Mavericks,Portland Trail Blazers,2
Dallas Mavericks,Sacramento Kings,1
Dallas Mavericks,San Antonio Spurs,1
Dallas Mavericks,Toronto Raptors,0
Dallas Mavericks,Utah Jazz,1
Dallas Mavericks,Washington Wizards,2
Denver Nuggets,Atlanta Hawks,0
Denver Nuggets,Boston Celtics,2
Denver Nuggets,Brooklyn Nets,1
Denver Nuggets,Charlotte Hornets,0
Denver Nuggets,Chicago Bulls,2
Denver Nuggets,Cleveland Cavaliers,1
Denver Nuggets,Dallas Mavericks,3
Denver Nuggets,Detroit Pistons,0
Denver Nuggets,Golden State Warriors,1
Denver Nuggets,Houston Rockets,0
Denver Nuggets,Indiana Pacers,2
Denver Nuggets,Los Angeles Clippers,3
Denver Nuggets,Los Angeles Lakers,2
Denver Nuggets,Memphis Grizzlies,0
Denver Nuggets,Miami Heat,1
Denver Nuggets,Milwaukee Bucks,2
Denver Nuggets,Minnesota Timberwolves,2
Denver Nuggets,New Orleans Pelicans,3
Denver Nuggets,New York Knicks,2
Denver Nuggets,Oklahoma City Thunder,1
Denver Nuggets,Orlando Magic,2
Denver Nuggets,Philadelphia 76ers,1
Denver Nuggets,Phoenix Suns,4
Denver Nuggets,Portland Trail Blazers,1
Denver Nuggets,Sacramento Kings,2
Denver Nuggets,San Antonio Spurs,0
Denver Nuggets,Toronto Raptors,0
Denver Nuggets,Utah Jazz,2
Denver Nuggets,Washington Wizards,0
Detroit Pistons,Atlanta Hawks,2
Detroit Pistons,Boston Celtics,1
Detroit Pistons,Brooklyn Nets,1
Detroit Pistons,Charlotte Hornets,3
Detroit Pistons,Chicago Bulls,2
Detroit Pistons,Cleveland Cavaliers,2
Detroit Pistons,Dallas Mavericks,2
Detroit Pistons,Denver Nuggets,2
Detroit Pistons,Golden State Warriors,0
Detroit Pistons,Houston Rockets,1
Detroit Pistons,Indiana Pacers,0
Detroit Pistons,Los Angeles Clippers,1
Detroit Pistons,Los Angeles Lakers,2
Detroit Pistons,Memphis Grizzlies,1
Detroit Pistons,Miami Heat,2
Detroit Pistons,Milwaukee Bucks,1
Detroit Pistons,Minnesota Timberwolves,2
Detroit Pistons,New Orleans Pelicans,1
Detroit Pistons,New York Knicks,2
Detroit Pistons,Oklahoma City Thunder,1
Detroit Pistons,Orlando Magic,1
Detroit Pistons,Philadelphia 76ers,2
Detroit Pistons,Phoenix Suns,1
Detroit Pistons,Portland Trail Blazers,2
Detroit Pistons,Sacramento Kings,0
Detroit Pistons,San Antonio Spurs,0
Detroit Pistons,Toronto Raptors,1
Detroit Pistons,Utah Jazz,0
Detroit Pistons,Washington Wizards,1
Golden State Warriors,Atlanta Hawks,2
Golden State Warriors,Boston Celtics,1
Golden State Warriors,Brooklyn Nets,2
Golden State Warriors,Charlotte Hornets,2
Golden State Warriors,Chicago Bulls,1
Golden State Warriors,Cleveland Cavaliers,1
Golden State Warriors,Dallas Mavericks,3
Golden State Warriors,Denver Nuggets,2
Golden State Warriors,Detroit Pistons,2
Golden State Warriors,Houston Rockets,3
Golden State Warriors,Indiana Pacers,2
Golden State Warriors,Los Angeles Clippers,4
Golden State Warriors,Los Angeles Lakers,3
Golden State Warriors,Memphis Grizzlies,2
Golden State Warriors,Miami Heat,1
Golden State Warriors,Milwaukee Bucks,2
Golden State Warriors,Minnesota Timberwolves,3
Golden State Warriors,New Orleans Pelicans,4
Golden State Warriors,New York Knicks,2
Golden State Warriors,Oklahoma City Thunder,4
Golden State Warriors,Orlando Magic,2
Golden State Warriors,Philadelphia 76ers,2
Golden State Warriors,Phoenix Suns,4
Golden State Warriors,Portland Trail Blazers,4
Golden State Warriors,Sacramento Kings,3
Golden State Warriors,San Antonio Spurs,1
Golden State Warriors,Toronto Raptors,2
Golden State Warriors,Utah Jazz,2
Golden State Warriors,Washington Wizards,1
Houston Rockets,Atlanta Hawks,0
Houston Rockets,Boston Celtics,1
Houston Rockets,Brooklyn Nets,2
Houston Rockets,Charlotte Hornets,2
Houston Rockets,Chicago Bulls,2
Houston Rockets,Cleveland Cavaliers,1
Houston Rockets,Dallas Mavericks,4
Houston Rockets,Denver Nuggets,4
Houston Rockets,Detroit Pistons,1
Houston Rockets,Golden State Warriors,1
Houston Rockets,Indiana Pacers,0
Houston Rockets,Los Angeles Clippers,2
Houston Rockets,Los Angeles Lakers,2
Houston Rockets,Memphis Grizzlies,2
Houston Rockets,Miami Heat,0
Houston Rockets,Milwaukee Bucks,1
Houston Rockets,Minnesota Timberwolves,3
Houston Rockets,New Orleans Pelicans,3
Houston Rockets,New York Knicks,2
Houston Rockets,Oklahoma City Thunder,3
Houston Rockets,Orlando Magic,2
Houston Rockets,Philadelphia 76ers,2
Houston Rockets,Phoenix Suns,4
Houston Rockets,Portland Trail Blazers,2
Houston Rockets,Sacramento Kings,4
Houston Rockets,San Antonio Spurs,1
Houston Rockets,Toronto Raptors,1
Houston Rockets,Utah Jazz,1
Houston Rockets,Washington Wizards,2
Indiana Pacers,Atlanta Hawks,2
Indiana Pacers,Boston Celtics,0
Indiana Pacers,Brooklyn Nets,3
Indiana Pacers,Charlotte Hornets,2
Indiana Pacers,Chicago Bulls,2
Indiana Pacers,Cleveland Cavaliers,1
Indiana Pacers,Dallas Mavericks,1
Indiana Pacers,Denver Nuggets,0
Indiana Pacers,Detroit Pistons,4
Indiana Pacers,Golden State Warriors,0
Indiana Pacers,Houston Rockets,2
Indiana Pacers,Los Angeles Clippers,2
Indiana Pacers,Los Angeles Lakers,1
Indiana Pacers,Memphis Grizzlies,1
Indiana Pacers,Miami Heat,1
Indiana Pacers,Milwaukee Bucks,1
Indiana Pacers,Minnesota Timberwolves,1
Indiana Pacers,New Orleans Pelicans,1
Indiana Pacers,New York Knicks,1
Indiana Pacers,Oklahoma City Thunder,2
Indiana Pacers,Orlando Magic,4
Indiana Pacers,Philadelphia 76ers,3
Indiana Pacers,Phoenix Suns,1
Indiana Pacers,Portland Trail Blazers,1
Indiana Pacers,Sacramento Kings,2
Indiana Pacers,San Antonio Spurs,0
Indiana Pacers,Toronto Raptors,1
Indiana Pacers,Utah Jazz,1
Indiana Pacers,Washington Wizards,1
Los Angeles Clippers,Atlanta Hawks,2
Los Angeles Clippers,Boston Celtics,1
Los Angeles Clippers,Brooklyn Nets,1
Los Angeles Clippers,Charlotte Hornets,2
Los Angeles Clippers,Chicago Bulls,2
Los Angeles Clippers,Cleveland Cavaliers,2
Los Angeles Clippers,Dallas Mavericks,2
Los Angeles Clippers,Denver Nuggets,1
Los Angeles Clippers,Detroit Pistons,1
Los Angeles Clippers,Golden State Warriors,0
Los Angeles Clippers,Houston Rockets,1
Los Angeles Clippers,Indiana Pacers,0
Los Angeles Clippers,Los Angeles Lakers,3
Los Angeles Clippers,Memphis Grizzlies,3
Los Angeles Clippers,Miami Heat,2
Los Angeles Clippers,Milwaukee Bucks,0
Los Angeles Clippers,Minnesota Timberwolves,1
Los Angeles Clippers,New Orleans Pelicans,2
Los Angeles Clippers,New York Knicks,2
Los Angeles Clippers,Oklahoma City Thunder,2
Los Angeles Clippers,Orlando Magic,2
Los Angeles Clippers,Philadelphia 76ers,1
Los Angeles Clippers,Phoenix Suns,4
Los Angeles Clippers,Portland Trail Blazers,3
Los Angeles Clippers,Sacramento Kings,3
Los Angeles Clippers,San Antonio Spurs,3
Los Angeles Clippers,Toronto Raptors,1
Los Angeles Clippers,Utah Jazz,3
Los Angeles Clippers,Washington Wizards,1
Los Angeles Lakers,Atlanta Hawks,2
Los Angeles Lakers,Boston Celtics,0
Los Angeles Lakers,Brooklyn Nets,1
Los Angeles Lakers,Charlotte Hornets,0
Los Angeles Lakers,Chicago Bulls,1
Los Angeles Lakers,Cleveland Cavaliers,0
Los Angeles Lakers,Dallas Mavericks,0
Los Angeles Lakers,Denver Nuggets,1
Los Angeles Lakers,Detroit Pistons,0
Los Angeles Lakers,Golden State Warriors,1
Los Angeles Lakers,Houston Rockets,1
Los Angeles Lakers,Indiana Pacers,1
Los Angeles Lakers,Los Angeles Clippers,1
Los Angeles Lakers,Memphis Grizzlies,2
Los Angeles Lakers,Miami Heat,1
Los Angeles Lakers,Milwaukee Bucks,1
Los Angeles Lakers,Minnesota Timberwolves,2
Los Angeles Lakers,New Orleans Pelicans,2
Los Angeles Lakers,New York Knicks,1
Los Angeles Lakers,Oklahoma City Thunder,1
Los Angeles Lakers,Orlando Magic,1
Los Angeles Lakers,Philadelphia 76ers,1
Los Angeles Lakers,Phoenix Suns,2
Los Angeles Lakers,Portland Trail Blazers,0
Los Angeles Lakers,Sacramento Kings,2
Los Angeles Lakers,San Antonio Spurs,1
Los Angeles Lakers,Toronto Raptors,0
Los Angeles Lakers,Utah Jazz,0
Los Angeles Lakers,Washington Wizards,0
Memphis Grizzlies,Atlanta Hawks,1
Memphis Grizzlies,Boston Celtics,0
Memphis Grizzlies,Brooklyn Nets,1
Memphis Grizzlies,Charlotte Hornets,1
Memphis Grizzlies,Chicago Bulls,1
Memphis Grizzlies,Cleveland Cavaliers,1
Memphis Grizzlies,Dallas Mavericks,2
Memphis Grizzlies,Denver Nuggets,3
Memphis Grizzlies,Detroit Pistons,1
Memphis Grizzlies,Golden State Warriors,2
Memphis Grizzlies,Houston Rockets,2
Memphis Grizzlies,Indiana Pacers,1
Memphis Grizzlies,Los Angeles Clippers,1
Memphis Grizzlies,Los Angeles Lakers,1
Memphis Grizzlies,Miami Heat,1
Memphis Grizzlies,Milwaukee Bucks,1
Memphis Grizzlies,Minnesota Timberwolves,3
Memphis Grizzlies,New Orleans Pelicans,2
Memphis Grizzlies,New York Knicks,1
Memphis Grizzlies,Oklahoma City Thunder,1
Memphis Grizzlies,Orlando Magic,1
Memphis Grizzlies,Philadelphia 76ers,2
Memphis Grizzlies,Phoenix Suns,3
Memphis Grizzlies,Portland Trail Blazers,1
Memphis Grizzlies,Sacramento Kings,2
Memphis Grizzlies,San Antonio Spurs,2
Memphis Grizzlies,Toronto Raptors,1
Memphis Grizzlies,Utah Jazz,3
Memphis Grizzlies,Washington Wizards,1
Miami Heat,Atlanta Hawks,2
Miami Heat,Boston Celtics,0
Miami Heat,Brooklyn Nets,3
Miami Heat,Charlotte Hornets,2
Miami Heat,Chicago Bulls,1
Miami Heat,Cleveland Cavaliers,3
Miami Heat,Dallas Mavericks,1
Miami Heat,Denver Nuggets,1
Miami Heat,Detroit Pistons,2
Miami Heat,Golden State Warriors,1
Miami Heat,Houston Rockets,2
Miami Heat,Indiana Pacers,2
Miami Heat,Los Angeles Clippers,0
Miami Heat,Los Angeles Lakers,1
Miami Heat,Memphis Grizzlies,1
Miami Heat,Milwaukee Bucks,3
Miami Heat,Minnesota Timberwolves,2
Miami Heat,New Orleans Pelicans,1
Miami Heat,New York Knicks,1
Miami Heat,Oklahoma City Thunder,0
Miami Heat,Orlando Magic,1
Miami Heat,Philadelphia 76ers,2
Miami Heat,Phoenix Suns,1
Miami Heat,Portland Trail Blazers,0
Miami Heat,Sacramento Kings,2
Miami Heat,San Antonio Spurs,0
Miami Heat,Toronto Raptors,1
Miami Heat,Utah Jazz,1
Miami Heat,Washington Wizards,4
Milwaukee Bucks,Atlanta Hawks,1
Milwaukee Bucks,Boston Celtics,1
Milwaukee Bucks,Brooklyn Nets,4
Milwaukee Bucks,Charlotte Hornets,2
Milwaukee Bucks,Chicago Bulls,3
Milwaukee Bucks,Cleveland Cavaliers,1
Milwaukee Bucks,Dallas Mavericks,0
Milwaukee Bucks,Denver Nuggets,0
Milwaukee Bucks,Detroit Pistons,3
Milwaukee Bucks,Golden State Warriors,0
Milwaukee Bucks,Houston Rockets,1
Milwaukee Bucks,Indiana Pacers,3
Milwaukee Bucks,Los Angeles Clippers,2
Milwaukee Bucks,Los Angeles Lakers,1
Milwaukee Bucks,Memphis Grizzlies,1
Milwaukee Bucks,Miami Heat,1
Milwaukee Bucks,Minnesota Timberwolves,1
Milwaukee Bucks,New Orleans Pelicans,1
Milwaukee Bucks,New York Knicks,2
Milwaukee Bucks,Oklahoma City Thunder,1
Milwaukee Bucks,Orlando Magic,2
Milwaukee Bucks,Philadelphia 76ers,2
Milwaukee Bucks,Phoenix Suns,2
Milwaukee Bucks,Portland Trail Blazers,2
Milwaukee Bucks,Sacramento Kings,2
Milwaukee Bucks,San Antonio Spurs,1
Milwaukee Bucks,Toronto Raptors,1
Milwaukee Bucks,Utah Jazz,0
Milwaukee Bucks,Washington Wizards,1
Minnesota Timberwolves,Atlanta Hawks,2
Minnesota Timberwolves,Boston Celtics,0
Minnesota Timberwolves,Brooklyn Nets,1
Minnesota Timberwolves,Charlotte Hornets,1
Minnesota Timberwolves,Chicago Bulls,2
Minnesota Timberwolves,Cleveland Cavaliers,0
Minnesota Timberwolves,Dallas Mavericks,2
Minnesota Timberwolves,Denver Nuggets,2
Minnesota Timberwolves,Detroit Pistons,0
Minnesota Timberwolves,Golden State Warriors,1
Minnesota Timberwolves,Houston Rockets,1
Minnesota Timberwolves,Indiana Pacers,1
Minnesota Timberwolves,Los Angeles Clippers,2
Minnesota Timberwolves,Los Angeles Lakers,2
Minnesota Timberwolves,Memphis Grizzlies,1
Minnesota Timberwolves,Miami Heat,0
Minnesota Timberwolves,Milwaukee Bucks,1
Minnesota Timberwolves,New Orleans Pelicans,0
Minnesota Timberwolves,New York Knicks,0
Minnesota Timberwolves,Oklahoma City Thunder,1
Minnesota Timberwolves,Orlando Magic,2
Minnesota Timberwolves,Philadelphia 76ers,1
Minnesota Timberwolves,Phoenix Suns,3
Minnesota Timberwolves,Portland Trail Blazers,1
Minnesota Timberwolves,Sacramento Kings,1
Minnesota Timberwolves,San Antonio Spurs,0
Minnesota Timberwolves,Toronto Raptors,1
Minnesota Timberwolves,Utah Jazz,1
Minnesota Timberwolves,Washington Wizards,1
New Orleans Pelicans,Atlanta Hawks,1
New Orleans Pelicans,Boston Celtics,1
New Orleans Pelicans,Brooklyn Nets,1
New Orleans Pelicans,Charlotte Hornets,2
New Orleans Pelicans,Chicago Bulls,0
New Orleans Pelicans,Cleveland Cavaliers,1
New Orleans Pelicans,Dallas Mavericks,2
New Orleans Pelicans,Denver Nuggets,1
New Orleans Pelicans,Detroit Pistons,1
New Orleans Pelicans,Golden State Warriors,0
New Orleans Pelicans,Houston Rockets,1
New Orleans Pelicans,Indiana Pacers,1
New Orleans Pelicans,Los Angeles Clippers,1
New Orleans Pelicans,Los Angeles Lakers,2
New Orleans Pelicans,Memphis Grizzlies,2
New Orleans Pelicans,Miami Heat,1
New Orleans Pelicans,Milwaukee Bucks,1
New Orleans Pelicans,Minnesota Timberwolves,3
New Orleans Pelicans,New York Knicks,2
New Orleans Pelicans,Oklahoma City Thunder,0
New Orleans Pelicans,Orlando Magic,1
New Orleans Pelicans,Philadelphia 76ers,1
New Orleans Pelicans,Phoenix Suns,3
New Orleans Pelicans,Portland Trail Blazers,3
New Orleans Pelicans,Sacramento Kings,1
New Orleans Pelicans,San Antonio Spurs,1
New Orleans Pelicans,Toronto Raptors,0
New Orleans Pelicans,Utah Jazz,0
New Orleans Pelicans,Washington Wizards,0
New York Knicks,Atlanta Hawks,1
New York Knicks,Boston Celtics,1
New York Knicks,Brooklyn Nets,2
New York Knicks,Charlotte Hornets,2
New York Knicks,Chicago Bulls,3
New York Knicks,Cleveland Cavaliers,0
New York Knicks,Dallas Mavericks,1
New York Knicks,Denver Nuggets,0
New York Knicks,Detroit Pistons,2
New York Knicks,Golden State Warriors,0
New York Knicks,Houston Rockets,0
New York Knicks,Indiana Pacers,3
New York Knicks,Los Angeles Clippers,0
New York Knicks,Los Angeles Lakers,1
New York Knicks,Memphis Grizzlies,1
New York Knicks,Miami Heat,2
New York Knicks,Milwaukee Bucks,1
New York Knicks,Minnesota Timberwolves,2
New York Knicks,New Orleans Pelicans,0
New York Knicks,Oklahoma City Thunder,0
New York Knicks,Orlando Magic,3
New York Knicks,Philadelphia 76ers,2
New York Knicks,Phoenix Suns,0
New York Knicks,Portland Trail Blazers,1
New York Knicks,Sacramento Kings,2
New York Knicks,San Antonio Spurs,1
New York Knicks,Toronto Raptors,0
New York Knicks,Utah Jazz,0
New York Knicks,Washington Wizards,0
Oklahoma City Thunder,Atlanta Hawks,1
Oklahoma City Thunder,Boston Celtics,2
Oklahoma City Thunder,Brooklyn Nets,2
Oklahoma City Thunder,Charlotte Hornets,0
Oklahoma City Thunder,Chicago Bulls,1
Oklahoma City Thunder,Cleveland Cavaliers,1
Oklahoma City Thunder,Dallas Mavericks,2
Oklahoma City Thunder,Denver Nuggets,3
Oklahoma City Thunder,Detroit Pistons,1
Oklahoma City Thunder,Golden State Warriors,0
Oklahoma City Thunder,Houston Rockets,1
Oklahoma City Thunder,Indiana Pacers,0
Oklahoma City Thunder,Los Angeles Clippers,2
Oklahoma City Thunder,Los Angeles Lakers,2
Oklahoma City Thunder,Memphis Grizzlies,3
Oklahoma City Thunder,Miami Heat,2
Oklahoma City Thunder,Milwaukee Bucks,1
Oklahoma City Thunder,Minnesota Timberwolves,3
Oklahoma City Thunder,New Orleans Pelicans,4
Oklahoma City Thunder,New York Knicks,2
Oklahoma City Thunder,Orlando Magic,1
Oklahoma City Thunder,Philadelphia 76ers,2
Oklahoma City Thunder,Phoenix Suns,2
Oklahoma City Thunder,Portland Trail Blazers,1
Oklahoma City Thunder,Sacramento Kings,2
Oklahoma City Thunder,San Antonio Spurs,1
Oklahoma City Thunder,Toronto Raptors,1
Oklahoma City Thunder,Utah Jazz,3
Oklahoma City Thunder,Washington Wizards,1
Orlando Magic,Atlanta Hawks,2
Orlando Magic,Boston Celtics,0
Orlando Magic,Brooklyn Nets,2
Orlando Magic,Charlotte Hornets,0
Orlando Magic,Chicago Bulls,1
Orlando Magic,Cleveland Cavaliers,0
Orlando Magic,Dallas Mavericks,1
Orlando Magic,Denver Nuggets,0
Orlando Magic,Detroit Pistons,3
Orlando Magic,Golden State Warriors,0
Orlando Magic,Houston Rockets,0
Orlando Magic,Indiana Pacers,0
Orlando Magic,Los Angeles Clippers,0
Orlando Magic,Los Angeles Lakers,1
Orlando Magic,Memphis Grizzlies,1
Orlando Magic,Miami Heat,3
Orlando Magic,Milwaukee Bucks,1
Orlando Magic,Minnesota Timberwolves,0
Orlando Magic,New Orleans Pelicans,1
Orlando Magic,New York Knicks,1
Orlando Magic,Oklahoma City Thunder,1
Orlando Magic,Philadelphia 76ers,3
Orlando Magic,Phoenix Suns,1
Orlando Magic,Portland Trail Blazers,1
Orlando Magic,Sacramento Kings,1
Orlando Magic,San Antonio Spurs,1
Orlando Magic,Toronto Raptors,2
Orlando Magic,Utah Jazz,0
Orlando Magic,Washington Wizards,2
Philadelphia 76ers,Atlanta Hawks,0
Philadelphia 76ers,Boston Celtics,1
Philadelphia 76ers,Brooklyn Nets,3
Philadelphia 76ers,Charlotte Hornets,2
Philadelphia 76ers,Chicago Bulls,1
Philadelphia 76ers,Cleveland Cavaliers,0
Philadelphia 76ers,Dallas Mavericks,1
Philadelphia 76ers,Denver Nuggets,1
Philadelphia 76ers,Detroit Pistons,1
Philadelphia 76ers,Golden State Warriors,0
Philadelphia 76ers,Houston Rockets,0
Philadelphia 76ers,Indiana Pacers,1
Philadelphia 76ers,Los Angeles Clippers,1
Philadelphia 76ers,Los Angeles Lakers,1
Philadelphia 76ers,Memphis Grizzlies,0
Philadelphia 76ers,Miami Heat,2
Philadelphia 76ers,Milwaukee Bucks,2
Philadelphia 76ers,Minnesota Timberwolves,1
Philadelphia 76ers,New Orleans Pelicans,1
Philadelphia 76ers,New York Knicks,2
Philadelphia 76ers,Oklahoma City Thunder,0
Philadelphia 76ers,Orlando Magic,1
Philadelphia 76ers,Phoenix Suns,1
Philadelphia 76ers,Portland Trail Blazers,1
Philadelphia 76ers,Sacramento Kings,1
Philadelphia 76ers,San Antonio Spurs,0
Philadelphia 76ers,Toronto Raptors,1
Philadelphia 76ers,Utah Jazz,0
Philadelphia 76ers,Washington Wizards,2
Phoenix Suns,Atlanta Hawks,1
Phoenix Suns,Boston Celtics,1
Phoenix Suns,Brooklyn Nets,0
Phoenix Suns,Charlotte Hornets,1
Phoenix Suns,Chicago Bulls,1
Phoenix Suns,Cleveland Cavaliers,0
Phoenix Suns,Dallas Mavericks,3
Phoenix Suns,Denver Nuggets,0
Phoenix Suns,Detroit Pistons,1
Phoenix Suns,Golden State Warriors,0
Phoenix Suns,Houston Rockets,0
Phoenix Suns,Indiana Pacers,1
Phoenix Suns,Los Angeles Clippers,0
Phoenix Suns,Los Angeles Lakers,2
Phoenix Suns,Memphis Grizzlies,0
Phoenix Suns,Miami Heat,1
Phoenix Suns,Milwaukee Bucks,0
Phoenix Suns,Minnesota Timberwolves,0
Phoenix Suns,New Orleans Pelicans,1
Phoenix Suns,New York Knicks,2
Phoenix Suns,Oklahoma City Thunder,2
Phoenix Suns,Orlando Magic,1
Phoenix Suns,Philadelphia 76ers,1
Phoenix Suns,Portland Trail Blazers,1
Phoenix Suns,Sacramento Kings,1
Phoenix Suns,San Antonio Spurs,1
Phoenix Suns,Toronto Raptors,2
Phoenix Suns,Utah Jazz,0
Phoenix Suns,Washington Wizards,0
Portland Trail Blazers,Atlanta Hawks,1
Portland Trail Blazers,Boston Celtics,1
Portland Trail Blazers,Brooklyn Nets,2
Portland Trail Blazers,Charlotte Hornets,1
Portland Trail Blazers,Chicago Bulls,1
Portland Trail Blazers,Cleveland Cavaliers,1
Portland Trail Blazers,Dallas Mavericks,2
Portland Trail Blazers,Denver Nuggets,3
Portland Trail Blazers,Detroit Pistons,0
Portland Trail Blazers,Golden State Warriors,0
Portland Trail Blazers,Houston Rockets,1
Portland Trail Blazers,Indiana Pacers,1
Portland Trail Blazers,Los Angeles Clippers,0
Portland Trail Blazers,Los Angeles Lakers,4
Portland Trail Blazers,Memphis Grizzlies,2
Portland Trail Blazers,Miami Heat,2
Portland Trail Blazers,Milwaukee Bucks,0
Portland Trail Blazers,Minnesota Timberwolves,3
Portland Trail Blazers,New Orleans Pelicans,1
Portland Trail Blazers,New York Knicks,1
Portland Trail Blazers,Oklahoma City Thunder,3
Portland Trail Blazers,Orlando Magic,1
Portland Trail Blazers,Philadelphia 76ers,1
Portland Trail Blazers,Phoenix Suns,3
Portland Trail Blazers,Sacramento Kings,2
Portland Trail Blazers,San Antonio Spurs,2
Portland Trail Blazers,Toronto Raptors,0
Portland Trail Blazers,Utah Jazz,2
Portland Trail Blazers,Washington Wizards,0
Sacramento Kings,Atlanta Hawks,1
Sacramento Kings,Boston Celtics,1
Sacramento Kings,Brooklyn Nets,1
Sacramento Kings,Charlotte Hornets,1
Sacramento Kings,Chicago Bulls,0
Sacramento Kings,Cleveland Cavaliers,1
Sacramento Kings,Dallas Mavericks,2
Sacramento Kings,Denver Nuggets,2
Sacramento Kings,Detroit Pistons,2
Sacramento Kings,Golden State Warriors,1
Sacramento Kings,Houston Rockets,0
Sacramento Kings,Indiana Pacers,0
Sacramento Kings,Los Angeles Clippers,1
Sacramento Kings,Los Angeles Lakers,2
Sacramento Kings,Memphis Grizzlies,2
Sacramento Kings,Miami Heat,0
Sacramento Kings,Milwaukee Bucks,0
Sacramento Kings,Minnesota Timberwolves,3
Sacramento Kings,New Orleans Pelicans,2
Sacramento Kings,New York Knicks,0
Sacramento Kings,Oklahoma City Thunder,1
Sacramento Kings,Orlando Magic,1
Sacramento Kings,Philadelphia 76ers,1
Sacramento Kings,Phoenix Suns,3
Sacramento Kings,Portland Trail Blazers,1
Sacramento Kings,San Antonio Spurs,0
Sacramento Kings,Toronto Raptors,2
Sacramento Kings,Utah Jazz,1
Sacramento Kings,Washington Wizards,0
San Antonio Spurs,Atlanta Hawks,1
San Antonio Spurs,Boston Celtics,2
San Antonio Spurs,Brooklyn Nets,2
San Antonio Spurs,Charlotte Hornets,2
San Antonio Spurs,Chicago Bulls,1
San Antonio Spurs,Cleveland Cavaliers,2
San Antonio Spurs,Dallas Mavericks,3
San Antonio Spurs,Denver Nuggets,3
San Antonio Spurs,Detroit Pistons,2
San Antonio Spurs,Golden State Warriors,2
San Antonio Spurs,Houston Rockets,3
San Antonio Spurs,Indiana Pacers,2
San Antonio Spurs,Los Angeles Clippers,1
San Antonio Spurs,Los Angeles Lakers,3
San Antonio Spurs,Memphis Grizzlies,2
San Antonio Spurs,Miami Heat,2
San Antonio Spurs,Milwaukee Bucks,1
San Antonio Spurs,Minnesota Timberwolves,4
San Antonio Spurs,New Orleans Pelicans,3
San Antonio Spurs,New York Knicks,1
San Antonio Spurs,Oklahoma City Thunder,2
San Antonio Spurs,Orlando Magic,1
San Antonio Spurs,Philadelphia 76ers,2
San Antonio Spurs,Phoenix Suns,2
San Antonio Spurs,Portland Trail Blazers,2
San Antonio Spurs,Sacramento Kings,4
San Antonio Spurs,Toronto Raptors,2
San Antonio Spurs,Utah Jazz,2
San Antonio Spurs,Washington Wizards,2
Toronto Raptors,Atlanta Hawks,1
Toronto Raptors,Boston Celtics,3
Toronto Raptors,Brooklyn Nets,4
Toronto Raptors,Charlotte Hornets,2
Toronto Raptors,Chicago Bulls,1
Toronto Raptors,Cleveland Cavaliers,1
Toronto Raptors,Dallas Mavericks,2
Toronto Raptors,Denver Nuggets,2
Toronto Raptors,Detroit Pistons,3
Toronto Raptors,Golden State Warriors,0
Toronto Raptors,Houston Rockets,1
Toronto Raptors,Indiana Pacers,2
Toronto Raptors,Los Angeles Clippers,1
Toronto Raptors,Los Angeles Lakers,2
Toronto Raptors,Memphis Grizzlies,1
Toronto Raptors,Miami Heat,3
Toronto Raptors,Milwaukee Bucks,3
Toronto Raptors,Minnesota Timberwolves,1
Toronto Raptors,New Orleans Pelicans,2
Toronto Raptors,New York Knicks,4
Toronto Raptors,Oklahoma City Thunder,1
Toronto Raptors,Orlando Magic,2
Toronto Raptors,Philadelphia 76ers,3
Toronto Raptors,Phoenix Suns,0
Toronto Raptors,Portland Trail Blazers,2
Toronto Raptors,Sacramento Kings,0
Toronto Raptors,San Antonio Spurs,0
Toronto Raptors,Utah Jazz,2
Toronto Raptors,Washington Wizards,2
Utah Jazz,Atlanta Hawks,2
Utah Jazz,Boston Celtics,0
Utah Jazz,Brooklyn Nets,2
Utah Jazz,Charlotte Hornets,1
Utah Jazz,Chicago Bulls,0
Utah Jazz,Cleveland Cavaliers,1
Utah Jazz,Dallas Mavericks,3
Utah Jazz,Denver Nuggets,2
Utah Jazz,Detroit Pistons,2
Utah Jazz,Golden State Warriors,1
Utah Jazz,Houston Rockets,2
Utah Jazz,Indiana Pacers,1
Utah Jazz,Los Angeles Clippers,1
Utah Jazz,Los Angeles Lakers,4
Utah Jazz,Memphis Grizzlies,1
Utah Jazz,Miami Heat,1
Utah Jazz,Milwaukee Bucks,2
Utah Jazz,Minnesota Timberwolves,3
Utah Jazz,New Orleans Pelicans,3
Utah Jazz,New York Knicks,2
Utah Jazz,Oklahoma City Thunder,1
Utah Jazz,Orlando Magic,2
Utah Jazz,Philadelphia 76ers,2
Utah Jazz,Phoenix Suns,3
Utah Jazz,Portland Trail Blazers,2
Utah Jazz,Sacramento Kings,3
Utah Jazz,San Antonio Spurs,2
Utah Jazz,Toronto Raptors,0
Utah Jazz,Washington Wizards,2
Washington Wizards,Atlanta Hawks,3
Washington Wizards,Boston Celtics,2
Washington Wizards,Brooklyn Nets,4
Washington Wizards,Charlotte Hornets,3
Washington Wizards,Chicago Bulls,3
Washington Wizards,Cleveland Cavaliers,1
Washington Wizards,Dallas Mavericks,0
Washington Wizards,Denver Nuggets,2
Washington Wizards,Detroit Pistons,2
Washington Wizards,Golden State Warriors,1
Washington Wizards,Houston Rockets,0
Washington Wizards,Indiana Pacers,3
Washington Wizards,Los Angeles Clippers,1
Washington Wizards,Los Angeles Lakers,2
Washington Wizards,Memphis Grizzlies,1
Washington Wizards,Miami Heat,0
Washington Wizards,Milwaukee Bucks,3
Washington Wizards,Minnesota Timberwolves,1
Washington Wizards,New Orleans Pelicans,2
Washington Wizards,New York Knicks,4
Washington Wizards,Oklahoma City Thunder,1
Washington Wizards,Orlando Magic,2
Washington Wizards,Philadelphia 76ers,1
Washington Wizards,Phoenix Suns,2
Washington Wizards,Portland Trail Blazers,2
Washington Wizards,Sacramento Kings,2
Washington Wizards,San Antonio Spurs,0
Washington Wizards,Toronto Raptors,1
Washington Wizards,Utah Jazz,0
